John Doe,1234567890
Jane Doe,0987654321
Bob Smith,1122334455
Alice Johnson,2233445566
Charlie Brown,3344556677
John Doe,1234567890
Jane Doe,0987654321
Bob Smith,1122334455
Alice Johnson,2233445566
Charlie Brown,3344556677
John Doe,1234567890
Jane Doe,0987654321
Bob Smith,1122334455
Alice Johnson,2233445566
Charlie Brown,3344556677
John Doe,1234567890
Jane Doe,0987654321
Bob Smith,1122334455
Alice Johnson,2233445566
Charlie Brown,3344556677
John Doe,1234567890
Jane Doe,0987654321
Bob Smith,1122334455
Alice Johnson,2233445566
Charlie Brown,3344556677
John Doe,1234567890
Jane Doe,0987654321
Bob Smith,1122334455
Alice Johnson,2233445566
Charlie Brown,3344556677
John Doe,1234567890
Jane Doe,0987654321
Bob Smith,1122334455
Alice Johnson,2233445566
Charlie Brown,3344556677
John Doe,1234567890
Jane Doe,0987654321
Bob Smith,1122334455
Alice Johnson,2233445566
Charlie Brown,3344556677
John Doe,1234567890
Jane Doe,0987654321
Bob Smith,1122334455
Alice Johnson,2233445566
Charlie Brown,3344556677
John Doe,1234567890
Jane Doe,0987654321
Bob Smith,1122334455
Alice Johnson,2233445566
Charlie Brown,3344556677
John Doe,1234567890
Jane Doe,0987654321
Bob Smith,1122334455
Alice Johnson,2233445566
Charlie Brown,3344556677
John Doe,1234567890
Jane Doe,0987654321
Bob Smith,1122334455
Alice Johnson,2233445566
Charlie Brown,3344556677
John Doe,1234567890
Jane Doe,0987654321
Bob Smith,1122334455
Alice Johnson,2233445566
Charlie Brown,3344556677
John Doe,1234567890
Jane Doe,0987654321
Bob Smith,1122334455
Alice Johnson,2233445566
Charlie Brown,3344556677
John Doe,1234567890
Jane Doe,0987654321
Bob Smith,1122334455
Alice Johnson,2233445566
Charlie Brown,3344556677
John Doe,1234567890
Jane Doe,0987654321
Bob Smith,1122334455
Alice Johnson,2233445566
Charlie Brown,3344556677
John Doe,1234567890
Jane Doe,0987654321
Bob Smith,1122334455
Alice Johnson,2233445566
Charlie Brown,3344556677
John Doe,1234567890
Jane Doe,0987654321
Bob Smith,1122334455
Alice Johnson,2233445566
Charlie Brown,3344556677
John Doe,1234567890
Jane Doe,0987654321
Bob Smith,1122334455
Alice Johnson,2233445566
Charlie Brown,3344556677
John Doe,1234567890
Jane Doe,0987654321
Bob Smith,1122334455
Alice Johnson,2233445566
Charlie Brown,3344556677
John Doe,1234567890
Jane Doe,0987654321
Bob Smith,1122334455
Alice Johnson,2233445566
Charlie Brown,3344556677
John Doe,1234567890
Jane Doe,0987654321
Bob Smith,1122334455
Alice Johnson,2233445566
Charlie Brown,3344556677
John Doe,1234567890
Jane Doe,0987654321
Bob Smith,1122334455
Alice Johnson,2233445566
Charlie Brown,3344556677
John Doe,1234567890
Jane Doe,0987654321
Bob Smith,1122334455
Alice Johnson,2233445566
Charlie Brown,3344556677
John Doe,1234567890
Jane Doe,0987654321
Bob Smith,1122334455
Alice Johnson,2233445566
Charlie Brown,3344556677
John Doe,1234567890
Jane Doe,0987654321
Bob Smith,1122334455
Alice Johnson,2233445566
Charlie Brown,3344556677
John Doe,1234567890
Jane Doe,0987654321
Bob Smith,1122334455
Alice Johnson,2233445566
Charlie Brown,3344556677
John Doe,1234567890
Jane Doe,0987654321
Bob Smith,1122334455
Alice Johnson,2233445566
Charlie Brown,3344556677
John Doe,1234567890
Jane Doe,0987654321
Bob Smith,1122334455
Alice Johnson,2233445566
Charlie Brown,3344556677
John Doe,1234567890
Jane Doe,0987654321
Bob Smith,1122334455
Alice Johnson,2233445566
Charlie Brown,3344556677
John Doe,1234567890
Jane Doe,0987654321
Bob Smith,1122334455
Alice Johnson,2233445566
Charlie Brown,3344556677
John Doe,1234567890
Jane Doe,0987654321
Bob Smith,1122334455
Alice Johnson,2233445566
Charlie Brown,3344556677
John Doe,1234567890
Jane Doe,0987654321
Bob Smith,1122334455
Alice Johnson,2233445566
Charlie Brown,3344556677
John Doe,1234567890
Jane Doe,0987654321
Bob Smith,1122334455
Alice Johnson,2233445566
Charlie Brown,3344556677
John Doe,1234567890
Jane Doe,0987654321
Bob Smith,1122334455
Alice Johnson,2233445566
Charlie Brown,3344556677
John Doe,1234567890
Jane Doe,0987654321
Bob Smith,1122334455
Alice Johnson,2233445566
Charlie Brown,3344556677
John Doe,1234567890
Jane Doe,0987654321
Bob Smith,1122334455
Alice Johnson,2233445566
Charlie Brown,3344556677
John Doe,1234567890
Jane Doe,0987654321
Bob Smith,1122334455
Alice Johnson,2233445566
Charlie Brown,3344556677
John Doe,1234567890
Jane Doe,0987654321
Bob Smith,1122334455
Alice Johnson,2233445566
Charlie Brown,3344556677
John Doe,1234567890
Jane Doe,0987654321
Bob Smith,1122334455
Alice Johnson,2233445566
Charlie Brown,3344556677
John Doe,1234567890
Jane Doe,0987654321
Bob Smith,1122334455
Alice Johnson,2233445566
Charlie Brown,3344556677
John Doe,1234567890
Jane Doe,0987654321
Bob Smith,1122334455
Alice Johnson,2233445566
Charlie Brown,3344556677
John Doe,1234567890
Jane Doe,0987654321
Bob Smith,1122334455
Alice Johnson,2233445566
Charlie Brown,3344556677
John Doe,1234567890
Jane Doe,0987654321
Bob Smith,1122334455
Alice Johnson,2233445566
Charlie Brown,3344556677
John Doe,1234567890
Jane Doe,0987654321
Bob Smith,1122334455
Alice Johnson,2233445566
Charlie Brown,3344556677
John Doe,1234567890
Jane Doe,0987654321
Bob Smith,1122334455
Alice Johnson,2233445566
Charlie Brown,3344556677
John Doe,1234567890
Jane Doe,0987654321
Bob Smith,1122334455
Alice Johnson,2233445566
Charlie Brown,3344556677
John Doe,1234567890
Jane Doe,0987654321
Bob Smith,1122334455
Alice Johnson,2233445566
Charlie Brown,3344556677
John Doe,1234567890
Jane Doe,0987654321
Bob Smith,1122334455
Alice Johnson,2233445566
Charlie Brown,3344556677
John Doe,1234567890
Jane Doe,0987654321
Bob Smith,1122334455
Alice Johnson,2233445566
Charlie Brown,3344556677
John Doe,1234567890
Jane Doe,0987654321
Bob Smith,1122334455
Alice Johnson,2233445566
Charlie Brown,3344556677
John Doe,1234567890
Jane Doe,0987654321
Bob Smith,1122334455
Alice Johnson,2233445566
Charlie Brown,3344556677